,junctions,Accuracy,precision,f1
0,4,0.52932055623604,0.46616634499895593,0.43629813227996106
