,junctions,Accuracy,precision,f1
0,3,0.39771165069529507,0.3485797201337019,0.31834327212516494
