,junctions,Accuracy,precision,f1
0,7,0.6779595071691044,0.6860987667622869,0.649734262781339
