,junctions,Accuracy,precision,f1
0,8,0.7561149938756394,0.7265911150636611,0.6986369908494902
