,junctions,Accuracy,precision,f1
0,6,0.64155342603934,0.6269262471171297,0.6014226474850551
