,junctions,Accuracy,precision,f1
0,5,0.6232091649254269,0.5827193827766052,0.5607641964303721
